月份,城市,二手挂牌均价_元每平米,挂牌月租_元每平米,毛租金回报率_pct,房价租金年数,房价来源,租金来源
2026-09,三亚,25965.0,39.8,1.839,54.37,https://www.cih-index.com/data/index/esfHouse.html,https://www.cih-index.com/data/index/rentIndex.html
2026-09,上海,55322.0,84.82,1.84,54.35,https://www.cih-index.com/data/index/esfHouse.html,https://www.cih-index.com/data/index/rentIndex.html
2026-09,乌鲁木齐,8488.0,23.52,3.325,30.07,https://www.cih-index.com/data/index/esfHouse.html,https://www.cih-index.com/data/index/rentIndex.html
2026-09,兰州,9403.0,22.27,2.842,35.19,https://www.cih-index.com/data/index/esfHouse.html,https://www.cih-index.com/data/index/rentIndex.html
2026-09,北京,60564.0,81.48,1.614,61.94,https://www.cih-index.com/data/index/esfHouse.html,https://www.cih-index.com/data/index/rentIndex.html
2026-09,北海,5138.0,11.59,2.707,36.94,https://www.cih-index.com/data/index/esfHouse.html,https://www.cih-index.com/data/index/rentIndex.html
2026-09,南京,24613.0,35.68,1.74,57.49,https://www.cih-index.com/data/index/esfHouse.html,https://www.cih-index.com/data/index/rentIndex.html
2026-09,南宁,9613.0,21.71,2.71,36.9,https://www.cih-index.com/data/index/esfHouse.html,https://www.cih-index.com/data/index/rentIndex.html
2026-09,南昌,9549.0,20.41,2.565,38.99,https://www.cih-index.com/data/index/esfHouse.html,https://www.cih-index.com/data/index/rentIndex.html
2026-09,厦门,38242.0,37.99,1.192,83.89,https://www.cih-index.com/data/index/esfHouse.html,https://www.cih-index.com/data/index/rentIndex.html
2026-09,合肥,15034.0,24.88,1.986,50.36,https://www.cih-index.com/data/index/esfHouse.html,https://www.cih-index.com/data/index/rentIndex.html
2026-09,呼和浩特,7936.0,18.21,2.754,36.32,https://www.cih-index.com/data/index/esfHouse.html,https://www.cih-index.com/data/index/rentIndex.html
2026-09,哈尔滨,7967.0,22.67,3.415,29.29,https://www.cih-index.com/data/index/esfHouse.html,https://www.cih-index.com/data/index/rentIndex.html
2026-09,大连,12380.0,28.97,2.808,35.61,https://www.cih-index.com/data/index/esfHouse.html,https://www.cih-index.com/data/index/rentIndex.html
2026-09,天津,19914.0,29.11,1.754,57.01,https://www.cih-index.com/data/index/esfHouse.html,https://www.cih-index.com/data/index/rentIndex.html
2026-09,太原,9773.0,17.95,2.204,45.37,https://www.cih-index.com/data/index/esfHouse.html,https://www.cih-index.com/data/index/rentIndex.html
2026-09,宁波,19460.0,30.68,1.892,52.86,https://www.cih-index.com/data/index/esfHouse.html,https://www.cih-index.com/data/index/rentIndex.html
2026-09,广州,32313.0,47.46,1.763,56.74,https://www.cih-index.com/data/index/esfHouse.html,https://www.cih-index.com/data/index/rentIndex.html
2026-09,徐州,8993.0,16.08,2.146,46.61,https://www.cih-index.com/data/index/esfHouse.html,https://www.cih-index.com/data/index/rentIndex.html
2026-09,惠州,8105.0,18.35,2.717,36.81,https://www.cih-index.com/data/index/esfHouse.html,https://www.cih-index.com/data/index/rentIndex.html
2026-09,成都,16094.0,31.71,2.364,42.29,https://www.cih-index.com/data/index/esfHouse.html,https://www.cih-index.com/data/index/rentIndex.html
2026-09,无锡,13649.0,25.13,2.209,45.26,https://www.cih-index.com/data/index/esfHouse.html,https://www.cih-index.com/data/index/rentIndex.html
2026-09,昆明,10462.0,20.84,2.39,41.83,https://www.cih-index.com/data/index/esfHouse.html,https://www.cih-index.com/data/index/rentIndex.html
2026-09,杭州,31382.0,48.31,1.847,54.13,https://www.cih-index.com/data/index/esfHouse.html,https://www.cih-index.com/data/index/rentIndex.html
2026-09,武汉,12714.0,25.1,2.369,42.21,https://www.cih-index.com/data/index/esfHouse.html,https://www.cih-index.com/data/index/rentIndex.html
2026-09,沈阳,9261.0,22.43,2.906,34.41,https://www.cih-index.com/data/index/esfHouse.html,https://www.cih-index.com/data/index/rentIndex.html
2026-09,泉州,14627.0,22.03,1.807,55.33,https://www.cih-index.com/data/index/esfHouse.html,https://www.cih-index.com/data/index/rentIndex.html
2026-09,济南,14931.0,23.36,1.877,53.26,https://www.cih-index.com/data/index/esfHouse.html,https://www.cih-index.com/data/index/rentIndex.html
2026-09,海口,12288.0,25.66,2.506,39.91,https://www.cih-index.com/data/index/esfHouse.html,https://www.cih-index.com/data/index/rentIndex.html
2026-09,深圳,62889.0,83.12,1.586,63.05,https://www.cih-index.com/data/index/esfHouse.html,https://www.cih-index.com/data/index/rentIndex.html
2026-09,温州,15706.0,21.89,1.672,59.79,https://www.cih-index.com/data/index/esfHouse.html,https://www.cih-index.com/data/index/rentIndex.html
2026-09,石家庄,11035.0,19.59,2.13,46.94,https://www.cih-index.com/data/index/esfHouse.html,https://www.cih-index.com/data/index/rentIndex.html
2026-09,福州,20969.0,32.22,1.844,54.23,https://www.cih-index.com/data/index/esfHouse.html,https://www.cih-index.com/data/index/rentIndex.html
2026-09,西宁,8336.0,22.11,3.183,31.42,https://www.cih-index.com/data/index/esfHouse.html,https://www.cih-index.com/data/index/rentIndex.html
2026-09,西安,12316.0,23.8,2.319,43.12,https://www.cih-index.com/data/index/esfHouse.html,https://www.cih-index.com/data/index/rentIndex.html
2026-09,贵阳,6965.0,19.82,3.415,29.28,https://www.cih-index.com/data/index/esfHouse.html,https://www.cih-index.com/data/index/rentIndex.html
2026-09,郑州,11793.0,20.22,2.057,48.6,https://www.cih-index.com/data/index/esfHouse.html,https://www.cih-index.com/data/index/rentIndex.html
2026-09,重庆,10433.0,23.39,2.69,37.17,https://www.cih-index.com/data/index/esfHouse.html,https://www.cih-index.com/data/index/rentIndex.html
2026-09,银川,6871.0,14.71,2.569,38.92,https://www.cih-index.com/data/index/esfHouse.html,https://www.cih-index.com/data/index/rentIndex.html
2026-09,长春,7451.0,21.27,3.426,29.19,https://www.cih-index.com/data/index/esfHouse.html,https://www.cih-index.com/data/index/rentIndex.html
2026-09,长沙,9430.0,24.46,3.113,32.13,https://www.cih-index.com/data/index/esfHouse.html,https://www.cih-index.com/data/index/rentIndex.html
2026-09,青岛,16985.0,25.45,1.798,55.62,https://www.cih-index.com/data/index/esfHouse.html,https://www.cih-index.com/data/index/rentIndex.html
