月份,城市,二手挂牌均价_元每平米,挂牌月租_元每平米,租售比,租售比_售价相当月租月数,房价来源,租金来源
2026-09,三亚,25965.0,39.8,1:652,652.39,https://www.cih-index.com/data/index/esfHouse.html,https://www.cih-index.com/data/index/rentIndex.html
2026-09,上海,55322.0,84.82,1:652,652.23,https://www.cih-index.com/data/index/esfHouse.html,https://www.cih-index.com/data/index/rentIndex.html
2026-09,乌鲁木齐,8488.0,23.52,1:361,360.88,https://www.cih-index.com/data/index/esfHouse.html,https://www.cih-index.com/data/index/rentIndex.html
2026-09,兰州,9403.0,22.27,1:422,422.23,https://www.cih-index.com/data/index/esfHouse.html,https://www.cih-index.com/data/index/rentIndex.html
2026-09,北京,60564.0,81.48,1:743,743.3,https://www.cih-index.com/data/index/esfHouse.html,https://www.cih-index.com/data/index/rentIndex.html
2026-09,北海,5138.0,11.59,1:443,443.31,https://www.cih-index.com/data/index/esfHouse.html,https://www.cih-index.com/data/index/rentIndex.html
2026-09,南京,24613.0,35.68,1:690,689.83,https://www.cih-index.com/data/index/esfHouse.html,https://www.cih-index.com/data/index/rentIndex.html
2026-09,南宁,9613.0,21.71,1:443,442.79,https://www.cih-index.com/data/index/esfHouse.html,https://www.cih-index.com/data/index/rentIndex.html
2026-09,南昌,9549.0,20.41,1:468,467.86,https://www.cih-index.com/data/index/esfHouse.html,https://www.cih-index.com/data/index/rentIndex.html
2026-09,厦门,38242.0,37.99,1:1007,1006.63,https://www.cih-index.com/data/index/esfHouse.html,https://www.cih-index.com/data/index/rentIndex.html
2026-09,合肥,15034.0,24.88,1:604,604.26,https://www.cih-index.com/data/index/esfHouse.html,https://www.cih-index.com/data/index/rentIndex.html
2026-09,呼和浩特,7936.0,18.21,1:436,435.8,https://www.cih-index.com/data/index/esfHouse.html,https://www.cih-index.com/data/index/rentIndex.html
2026-09,哈尔滨,7967.0,22.67,1:351,351.43,https://www.cih-index.com/data/index/esfHouse.html,https://www.cih-index.com/data/index/rentIndex.html
2026-09,大连,12380.0,28.97,1:427,427.34,https://www.cih-index.com/data/index/esfHouse.html,https://www.cih-index.com/data/index/rentIndex.html
2026-09,天津,19914.0,29.11,1:684,684.09,https://www.cih-index.com/data/index/esfHouse.html,https://www.cih-index.com/data/index/rentIndex.html
2026-09,太原,9773.0,17.95,1:544,544.46,https://www.cih-index.com/data/index/esfHouse.html,https://www.cih-index.com/data/index/rentIndex.html
2026-09,宁波,19460.0,30.68,1:634,634.29,https://www.cih-index.com/data/index/esfHouse.html,https://www.cih-index.com/data/index/rentIndex.html
2026-09,广州,32313.0,47.46,1:681,680.85,https://www.cih-index.com/data/index/esfHouse.html,https://www.cih-index.com/data/index/rentIndex.html
2026-09,徐州,8993.0,16.08,1:559,559.27,https://www.cih-index.com/data/index/esfHouse.html,https://www.cih-index.com/data/index/rentIndex.html
2026-09,惠州,8105.0,18.35,1:442,441.69,https://www.cih-index.com/data/index/esfHouse.html,https://www.cih-index.com/data/index/rentIndex.html
2026-09,成都,16094.0,31.71,1:508,507.54,https://www.cih-index.com/data/index/esfHouse.html,https://www.cih-index.com/data/index/rentIndex.html
2026-09,无锡,13649.0,25.13,1:543,543.14,https://www.cih-index.com/data/index/esfHouse.html,https://www.cih-index.com/data/index/rentIndex.html
2026-09,昆明,10462.0,20.84,1:502,502.02,https://www.cih-index.com/data/index/esfHouse.html,https://www.cih-index.com/data/index/rentIndex.html
2026-09,杭州,31382.0,48.31,1:650,649.6,https://www.cih-index.com/data/index/esfHouse.html,https://www.cih-index.com/data/index/rentIndex.html
2026-09,武汉,12714.0,25.1,1:507,506.53,https://www.cih-index.com/data/index/esfHouse.html,https://www.cih-index.com/data/index/rentIndex.html
2026-09,沈阳,9261.0,22.43,1:413,412.88,https://www.cih-index.com/data/index/esfHouse.html,https://www.cih-index.com/data/index/rentIndex.html
2026-09,泉州,14627.0,22.03,1:664,663.96,https://www.cih-index.com/data/index/esfHouse.html,https://www.cih-index.com/data/index/rentIndex.html
2026-09,济南,14931.0,23.36,1:639,639.17,https://www.cih-index.com/data/index/esfHouse.html,https://www.cih-index.com/data/index/rentIndex.html
2026-09,海口,12288.0,25.66,1:479,478.88,https://www.cih-index.com/data/index/esfHouse.html,https://www.cih-index.com/data/index/rentIndex.html
2026-09,深圳,62889.0,83.12,1:757,756.6,https://www.cih-index.com/data/index/esfHouse.html,https://www.cih-index.com/data/index/rentIndex.html
2026-09,温州,15706.0,21.89,1:717,717.5,https://www.cih-index.com/data/index/esfHouse.html,https://www.cih-index.com/data/index/rentIndex.html
2026-09,石家庄,11035.0,19.59,1:563,563.3,https://www.cih-index.com/data/index/esfHouse.html,https://www.cih-index.com/data/index/rentIndex.html
2026-09,福州,20969.0,32.22,1:651,650.81,https://www.cih-index.com/data/index/esfHouse.html,https://www.cih-index.com/data/index/rentIndex.html
2026-09,西宁,8336.0,22.11,1:377,377.02,https://www.cih-index.com/data/index/esfHouse.html,https://www.cih-index.com/data/index/rentIndex.html
2026-09,西安,12316.0,23.8,1:517,517.48,https://www.cih-index.com/data/index/esfHouse.html,https://www.cih-index.com/data/index/rentIndex.html
2026-09,贵阳,6965.0,19.82,1:351,351.41,https://www.cih-index.com/data/index/esfHouse.html,https://www.cih-index.com/data/index/rentIndex.html
2026-09,郑州,11793.0,20.22,1:583,583.23,https://www.cih-index.com/data/index/esfHouse.html,https://www.cih-index.com/data/index/rentIndex.html
2026-09,重庆,10433.0,23.39,1:446,446.05,https://www.cih-index.com/data/index/esfHouse.html,https://www.cih-index.com/data/index/rentIndex.html
2026-09,银川,6871.0,14.71,1:467,467.1,https://www.cih-index.com/data/index/esfHouse.html,https://www.cih-index.com/data/index/rentIndex.html
2026-09,长春,7451.0,21.27,1:350,350.31,https://www.cih-index.com/data/index/esfHouse.html,https://www.cih-index.com/data/index/rentIndex.html
2026-09,长沙,9430.0,24.46,1:386,385.53,https://www.cih-index.com/data/index/esfHouse.html,https://www.cih-index.com/data/index/rentIndex.html
2026-09,青岛,16985.0,25.45,1:667,667.39,https://www.cih-index.com/data/index/esfHouse.html,https://www.cih-index.com/data/index/rentIndex.html
